[
  {
    "id": "res-1764164408891",
    "guestName": "ზაზა",
    "guestEmail": "",
    "guestPhone": "",
    "roomId": "1",
    "roomNumber": "101",
    "checkIn": "2025-11-23",
    "checkOut": "2025-11-28",
    "adults": 1,
    "children": 0,
    "totalAmount": 750,
    "notes": "",
    "status": "CHECKED_IN",
    "nights": 5,
    "reservationNumber": "54241",
    "createdAt": "2025-11-26T13:40:08.891Z",
    "actualCheckIn": "2025-11-26T13:41:07.162Z"
  },
  {
    "id": "res-1764164423323",
    "guestName": "რეეე",
    "guestEmail": "",
    "guestPhone": "",
    "roomId": "2",
    "roomNumber": "102",
    "checkIn": "2025-11-23",
    "checkOut": "2025-11-24",
    "adults": 1,
    "children": 0,
    "totalAmount": 150,
    "notes": "",
    "status": "CHECKED_OUT",
    "nights": 1,
    "reservationNumber": "56308",
    "createdAt": "2025-11-26T13:40:23.324Z",
    "actualCheckIn": "2025-11-26T13:41:31.241Z",
    "isPaid": true,
    "paidAmount": 150,
    "remainingAmount": 0,
    "paymentMethod": "cash",
    "payments": [
      {
        "method": "cash",
        "amount": 150,
        "note": "",
        "id": 1764166764852
      }
    ],
    "paidAt": "2025-11-26T14:19:25.738Z",
    "actualCheckOut": "2025-11-26T14:19:30.019Z"
  },
  {
    "id": "res-1764164438919",
    "guestName": "ახსცდასცდ",
    "guestEmail": "",
    "guestPhone": "",
    "roomId": "3",
    "roomNumber": "103",
    "checkIn": "2025-11-23",
    "checkOut": "2025-11-25",
    "adults": 1,
    "children": 0,
    "totalAmount": 300,
    "notes": "",
    "status": "CHECKED_OUT",
    "nights": 2,
    "reservationNumber": "21588",
    "createdAt": "2025-11-26T13:40:38.919Z",
    "actualCheckIn": "2025-11-26T13:41:11.443Z",
    "isPaid": true,
    "paidAmount": 300,
    "remainingAmount": 0,
    "paymentMethod": "cash",
    "payments": [
      {
        "method": "cash",
        "amount": 300,
        "note": "",
        "id": 1764166818135
      }
    ],
    "paidAt": "2025-11-26T14:20:19.403Z",
    "actualCheckOut": "2025-11-26T14:20:50.004Z"
  },
  {
    "id": "res-1764164505863",
    "guestName": "სხსახას",
    "guestEmail": "",
    "guestPhone": "",
    "roomId": "2",
    "roomNumber": "102",
    "checkIn": "2025-11-24",
    "checkOut": "2025-11-28",
    "adults": 1,
    "children": 0,
    "totalAmount": 600,
    "notes": "",
    "status": "CHECKED_IN",
    "nights": 4,
    "reservationNumber": "14040",
    "createdAt": "2025-11-26T13:41:45.863Z",
    "actualCheckIn": "2025-11-26T13:42:56.506Z"
  },
  {
    "id": "res-1764195824142",
    "guestName": "სსდფდს",
    "guestEmail": "",
    "guestPhone": "",
    "roomId": "3",
    "roomNumber": "103",
    "checkIn": "2025-11-25",
    "checkOut": "2025-11-26",
    "adults": 1,
    "children": 0,
    "totalAmount": 150,
    "notes": "",
    "status": "CHECKED_IN",
    "nights": 1,
    "reservationNumber": "47066",
    "createdAt": "2025-11-26T22:23:44.142Z",
    "actualCheckIn": "2025-11-26T22:24:36.506Z",
    "isPaid": true,
    "paidAmount": 150,
    "remainingAmount": 0,
    "paymentMethod": "cash",
    "payments": [
      {
        "method": "cash",
        "amount": 150,
        "note": "",
        "id": 1764196529112
      }
    ],
    "paidAt": "2025-11-26T22:35:30.231Z"
  }
]