{
  "library": {
    "name": "Brewfather Hop Library",
    "version": "1.0.0",
    "generatedAt": "2025-01-15T00:00:00.000Z",
    "defaults": {
      "forms": ["T90 pellets", "cones"]
    }
  },
  "items": [
    {
      "id": "hop_hallertauer_mittelfruh_hopsteiner",
      "name": "Hallertauer Mittelfrüh",
      "producer": "Hopsteiner",
      "country": "DE",
      "type": "aroma",
      "alphaAcidPercent": { "min": 3.5, "max": 5.5, "typical": 4.5 },
      "betaAcidPercent": { "min": 3.0, "max": 5.0, "typical": 4.0 },
      "cohumulonePercent": { "min": 20, "max": 25, "typical": 22 },
      "aromaNotes": ["spicy", "grassy", "tea", "light citrus"],
      "forms": ["T90 pellets", "cones"],
      "usage": { "aroma": true, "bittering": false, "dryHop": true },
      "styles": ["German Lager", "Pilsner", "Helles", "Bock"],
      "tags": ["noble", "german"],
      "keywords": ["hallertau", "noble hop", "traditional"],
      "metadata": { "version": "1.0.0", "source": "hopsteiner.de", "updatedAt": "2025-12-15T00:00:00.000Z" }
    },
    {
      "id": "hop_saaz_bohemiahop",
      "name": "Saaz (Žatec)",
      "producer": "Bohemia Hop",
      "country": "CZ",
      "type": "aroma",
      "alphaAcidPercent": { "min": 2.5, "max": 5.0, "typical": 3.5 },
      "betaAcidPercent": { "min": 4.0, "max": 6.0, "typical": 5.0 },
      "cohumulonePercent": { "min": 22, "max": 28, "typical": 25 },
      "aromaNotes": ["noble", "spicy", "herbal"],
      "forms": ["T90 pellets", "cones"],
      "usage": { "aroma": true, "bittering": false, "dryHop": true },
      "styles": ["Pilsner", "Lager", "Czech Pilsner"],
      "tags": ["noble", "czech"],
      "keywords": ["zatec", "noble hop", "pilsner"],
      "metadata": { "version": "1.0.0", "source": "bohemiahop.cz", "updatedAt": "2025-12-15T00:00:00.000Z" }
    },
    {
      "id": "hop_premiant_bohemiahop",
      "name": "Premiant",
      "producer": "Bohemia Hop",
      "country": "CZ",
      "type": "dual",
      "alphaAcidPercent": { "min": 6.0, "max": 10.0, "typical": 8.0 },
      "betaAcidPercent": { "min": 4.5, "max": 6.5, "typical": 5.5 },
      "aromaNotes": ["spicy", "herbal"],
      "forms": ["T90 pellets"],
      "usage": { "aroma": true, "bittering": true, "dryHop": true },
      "styles": ["Lager", "Pilsner", "Pale Ale"],
      "tags": ["czech", "dual"],
      "keywords": ["premiant", "dual purpose"],
      "metadata": { "version": "1.0.0", "source": "bohemiahop.cz", "updatedAt": "2025-12-15T00:00:00.000Z" }
    },
    {
      "id": "hop_sladek_bohemiahop",
      "name": "Sládek",
      "producer": "Bohemia Hop",
      "country": "CZ",
      "type": "dual",
      "alphaAcidPercent": { "min": 5.0, "max": 8.0, "typical": 6.5 },
      "betaAcidPercent": { "min": 4.0, "max": 6.0, "typical": 5.0 },
      "aromaNotes": ["citrus hint", "spicy"],
      "forms": ["T90 pellets"],
      "usage": { "aroma": true, "bittering": true, "dryHop": true },
      "styles": ["Lager", "Pilsner", "Pale Ale"],
      "tags": ["czech", "dual"],
      "keywords": ["sladek", "dual purpose"],
      "metadata": { "version": "1.0.0", "source": "bohemiahop.cz", "updatedAt": "2025-12-15T00:00:00.000Z" }
    },
    {
      "id": "hop_brewers_gold_belgium",
      "name": "Brewers Gold",
      "producer": "Belgian Growers (Poperinge)",
      "country": "BE",
      "type": "dual",
      "alphaAcidPercent": { "min": 5.0, "max": 11.0, "typical": 8.0 },
      "betaAcidPercent": { "min": 4.0, "max": 6.0, "typical": 5.0 },
      "aromaNotes": ["fruity", "spicy"],
      "forms": ["T90 pellets", "cones"],
      "usage": { "aroma": true, "bittering": true, "dryHop": false },
      "styles": ["Belgian Ale", "Pale Ale", "IPA"],
      "tags": ["belgian", "dual"],
      "keywords": ["brewers gold", "belgian"],
      "metadata": { "version": "1.0.0", "source": "belgischehop.be", "updatedAt": "2025-12-15T00:00:00.000Z" }
    },
    {
      "id": "hop_cascade_yakima",
      "name": "Cascade",
      "producer": "Yakima Chief Hops",
      "country": "US",
      "type": "aroma",
      "alphaAcidPercent": { "min": 4.5, "max": 7.0, "typical": 5.5 },
      "betaAcidPercent": { "min": 4.5, "max": 7.0, "typical": 5.5 },
      "cohumulonePercent": { "min": 33, "max": 40, "typical": 35 },
      "oilProfile": {
        "totalOils": { "min": 0.8, "max": 1.5, "typical": 1.0 },
        "myrcene": { "min": 45, "max": 60, "typical": 50 }
      },
      "aromaNotes": ["floral", "spicy", "citrus", "grapefruit"],
      "forms": ["T90 pellets", "cones", "T45 pellets"],
      "usage": { "aroma": true, "bittering": false, "dryHop": true, "whirlpool": true },
      "styles": ["American Pale Ale", "IPA", "Porter", "Stout"],
      "tags": ["american", "citrus", "classic"],
      "keywords": ["cascade", "citrus", "american classic"],
      "metadata": { "version": "1.0.0", "source": "usahops.org", "updatedAt": "2025-01-15T00:00:00.000Z" }
    },
    {
      "id": "hop_centennial_yakima",
      "name": "Centennial",
      "producer": "Yakima Chief Hops",
      "country": "US",
      "type": "dual",
      "alphaAcidPercent": { "min": 9.5, "max": 11.5, "typical": 10.0 },
      "betaAcidPercent": { "min": 3.5, "max": 4.5, "typical": 4.0 },
      "cohumulonePercent": { "min": 28, "max": 32, "typical": 30 },
      "oilProfile": {
        "totalOils": { "min": 1.5, "max": 2.5, "typical": 2.0 },
        "myrcene": { "min": 50, "max": 65, "typical": 55 }
      },
      "aromaNotes": ["balanced", "floral", "citrus", "lemon"],
      "forms": ["T90 pellets", "cones", "T45 pellets"],
      "usage": { "aroma": true, "bittering": true, "dryHop": true, "whirlpool": true },
      "styles": ["American IPA", "Pale Ale", "Double IPA"],
      "tags": ["american", "citrus", "dual"],
      "keywords": ["centennial", "super cascade", "citrus"],
      "metadata": { "version": "1.0.0", "source": "usahops.org", "updatedAt": "2025-01-15T00:00:00.000Z" }
    },
    {
      "id": "hop_citra_yakima",
      "name": "Citra",
      "producer": "Yakima Chief Hops",
      "country": "US",
      "type": "aroma",
      "alphaAcidPercent": { "min": 10.0, "max": 15.0, "typical": 12.0 },
      "betaAcidPercent": { "min": 3.5, "max": 4.5, "typical": 4.0 },
      "cohumulonePercent": { "min": 22, "max": 26, "typical": 24 },
      "oilProfile": {
        "totalOils": { "min": 2.0, "max": 2.8, "typical": 2.4 },
        "myrcene": { "min": 60, "max": 70, "typical": 65 }
      },
      "aromaNotes": ["citrus", "grapefruit", "lime", "tropical", "passion fruit"],
      "forms": ["T90 pellets", "T45 pellets", "cryo"],
      "usage": { "aroma": true, "bittering": false, "dryHop": true, "whirlpool": true },
      "styles": ["American IPA", "NEIPA", "Pale Ale", "Double IPA"],
      "tags": ["american", "citrus", "tropical", "popular"],
      "keywords": ["citra", "citrus", "tropical", "ipa"],
      "metadata": { "version": "1.0.0", "source": "usahops.org", "updatedAt": "2025-01-15T00:00:00.000Z" }
    },
    {
      "id": "hop_simcoe_yakima",
      "name": "Simcoe",
      "producer": "Yakima Chief Hops",
      "country": "US",
      "type": "dual",
      "alphaAcidPercent": { "min": 11.0, "max": 14.0, "typical": 12.5 },
      "betaAcidPercent": { "min": 4.0, "max": 5.0, "typical": 4.5 },
      "cohumulonePercent": { "min": 15, "max": 20, "typical": 17 },
      "oilProfile": {
        "totalOils": { "min": 1.5, "max": 2.5, "typical": 2.0 },
        "myrcene": { "min": 50, "max": 60, "typical": 55 },
        "humulene": { "min": 10, "max": 15, "typical": 12 }
      },
      "aromaNotes": ["pine", "citrus", "blood orange", "earthy", "grapefruit", "herbal"],
      "forms": ["T90 pellets", "T45 pellets", "cryo"],
      "usage": { "aroma": true, "bittering": true, "dryHop": true, "whirlpool": true },
      "styles": ["American IPA", "Double IPA", "Pale Ale"],
      "tags": ["american", "pine", "citrus", "dank"],
      "keywords": ["simcoe", "pine", "citrus", "dank"],
      "metadata": { "version": "1.0.0", "source": "usahops.org", "updatedAt": "2025-01-15T00:00:00.000Z" }
    },
    {
      "id": "hop_amarillo_yakima",
      "name": "Amarillo",
      "producer": "Yakima Chief Hops",
      "country": "US",
      "type": "aroma",
      "alphaAcidPercent": { "min": 8.0, "max": 11.0, "typical": 9.5 },
      "betaAcidPercent": { "min": 6.0, "max": 7.0, "typical": 6.5 },
      "cohumulonePercent": { "min": 21, "max": 24, "typical": 22 },
      "oilProfile": {
        "totalOils": { "min": 1.5, "max": 2.0, "typical": 1.7 },
        "myrcene": { "min": 55, "max": 65, "typical": 60 }
      },
      "aromaNotes": ["black tea", "lemon", "peach", "melon", "apricot", "grapefruit"],
      "forms": ["T90 pellets", "T45 pellets"],
      "usage": { "aroma": true, "bittering": false, "dryHop": true, "whirlpool": true },
      "styles": ["American IPA", "Pale Ale", "NEIPA"],
      "tags": ["american", "citrus", "fruity"],
      "keywords": ["amarillo", "citrus", "fruity", "tea"],
      "metadata": { "version": "1.0.0", "source": "usahops.org", "updatedAt": "2025-01-15T00:00:00.000Z" }
    },
    {
      "id": "hop_mosaic_yakima",
      "name": "Mosaic",
      "producer": "Yakima Chief Hops",
      "country": "US",
      "type": "aroma",
      "alphaAcidPercent": { "min": 11.5, "max": 13.5, "typical": 12.5 },
      "betaAcidPercent": { "min": 3.0, "max": 4.0, "typical": 3.5 },
      "cohumulonePercent": { "min": 20, "max": 24, "typical": 22 },
      "oilProfile": {
        "totalOils": { "min": 1.5, "max": 2.5, "typical": 2.0 },
        "myrcene": { "min": 45, "max": 55, "typical": 50 }
      },
      "aromaNotes": ["tropical", "citrus", "berry", "pine", "earthy", "herbal"],
      "forms": ["T90 pellets", "T45 pellets", "cryo"],
      "usage": { "aroma": true, "bittering": false, "dryHop": true, "whirlpool": true },
      "styles": ["American IPA", "NEIPA", "Pale Ale", "Double IPA"],
      "tags": ["american", "tropical", "citrus", "popular"],
      "keywords": ["mosaic", "tropical", "citrus", "berry"],
      "metadata": { "version": "1.0.0", "source": "usahops.org", "updatedAt": "2025-01-15T00:00:00.000Z" }
    },
    {
      "id": "hop_magnum_us_yakima",
      "name": "Magnum (US)",
      "producer": "Yakima Chief Hops",
      "country": "US",
      "type": "bittering",
      "alphaAcidPercent": { "min": 10.0, "max": 16.0, "typical": 13.0 },
      "betaAcidPercent": { "min": 4.5, "max": 7.0, "typical": 5.5 },
      "cohumulonePercent": { "min": 20, "max": 25, "typical": 22 },
      "aromaNotes": ["floral", "citrus", "spicy", "nutmeg", "black pepper"],
      "forms": ["T90 pellets", "cones"],
      "usage": { "aroma": false, "bittering": true, "dryHop": false },
      "styles": ["IPA", "Pale Ale", "Lager", "Pilsner"],
      "tags": ["american", "bittering", "clean"],
      "keywords": ["magnum", "bittering", "clean"],
      "metadata": { "version": "1.0.0", "source": "usahops.org", "updatedAt": "2025-01-15T00:00:00.000Z" }
    },
    {
      "id": "hop_warrior_yakima",
      "name": "Warrior",
      "producer": "Yakima Chief Hops",
      "country": "US",
      "type": "bittering",
      "alphaAcidPercent": { "min": 15.0, "max": 18.0, "typical": 16.0 },
      "betaAcidPercent": { "min": 4.5, "max": 5.5, "typical": 5.0 },
      "cohumulonePercent": { "min": 22, "max": 26, "typical": 24 },
      "aromaNotes": ["clean", "mild", "neutral"],
      "forms": ["T90 pellets"],
      "usage": { "aroma": false, "bittering": true, "dryHop": false },
      "styles": ["IPA", "Double IPA", "Pale Ale"],
      "tags": ["american", "bittering", "high alpha"],
      "keywords": ["warrior", "bittering", "high alpha"],
      "metadata": { "version": "1.0.0", "source": "usahops.org", "updatedAt": "2025-01-15T00:00:00.000Z" }
    },
    {
      "id": "hop_apollo_yakima",
      "name": "Apollo",
      "producer": "Yakima Chief Hops",
      "country": "US",
      "type": "bittering",
      "alphaAcidPercent": { "min": 15.0, "max": 19.0, "typical": 17.0 },
      "betaAcidPercent": { "min": 5.5, "max": 8.0, "typical": 6.5 },
      "cohumulonePercent": { "min": 22, "max": 26, "typical": 24 },
      "aromaNotes": ["aromatic", "pleasant", "grapefruit", "pine", "onion"],
      "forms": ["T90 pellets"],
      "usage": { "aroma": false, "bittering": true, "dryHop": false },
      "styles": ["IPA", "Double IPA"],
      "tags": ["american", "bittering", "high alpha"],
      "keywords": ["apollo", "bittering", "high alpha"],
      "metadata": { "version": "1.0.0", "source": "usahops.org", "updatedAt": "2025-01-15T00:00:00.000Z" }
    },
    {
      "id": "hop_azacca_yakima",
      "name": "Azacca",
      "producer": "Yakima Chief Hops",
      "country": "US",
      "type": "dual",
      "alphaAcidPercent": { "min": 14.0, "max": 16.0, "typical": 15.0 },
      "betaAcidPercent": { "min": 4.0, "max": 5.0, "typical": 4.5 },
      "cohumulonePercent": { "min": 20, "max": 24, "typical": 22 },
      "oilProfile": {
        "totalOils": { "min": 2.0, "max": 3.0, "typical": 2.5 },
        "myrcene": { "min": 50, "max": 60, "typical": 55 }
      },
      "aromaNotes": ["mango", "papaya", "orange", "grapefruit", "lemon", "piney", "spicy", "pineapple", "tropical fruit", "citrus"],
      "forms": ["T90 pellets", "T45 pellets"],
      "usage": { "aroma": true, "bittering": true, "dryHop": true, "whirlpool": true },
      "styles": ["American IPA", "NEIPA", "Pale Ale"],
      "tags": ["american", "tropical", "citrus"],
      "keywords": ["azacca", "tropical", "citrus", "mango"],
      "metadata": { "version": "1.0.0", "source": "usahops.org", "updatedAt": "2025-01-15T00:00:00.000Z" }
    },
    {
      "id": "hop_sabro_yakima",
      "name": "Sabro",
      "producer": "Yakima Chief Hops",
      "country": "US",
      "type": "aroma",
      "alphaAcidPercent": { "min": 12.0, "max": 17.0, "typical": 14.5 },
      "betaAcidPercent": { "min": 4.0, "max": 5.5, "typical": 4.5 },
      "cohumulonePercent": { "min": 18, "max": 22, "typical": 20 },
      "oilProfile": {
        "totalOils": { "min": 2.5, "max": 3.5, "typical": 3.0 },
        "myrcene": { "min": 40, "max": 50, "typical": 45 }
      },
      "aromaNotes": ["tangerine", "coconut", "tropical fruit", "stone fruit", "cedar", "mint", "cream", "herbal"],
      "forms": ["T90 pellets", "T45 pellets", "cryo"],
      "usage": { "aroma": true, "bittering": false, "dryHop": true, "whirlpool": true },
      "styles": ["American IPA", "NEIPA", "Pale Ale"],
      "tags": ["american", "tropical", "coconut", "unique"],
      "keywords": ["sabro", "tropical", "coconut", "tangerine"],
      "metadata": { "version": "1.0.0", "source": "usahops.org", "updatedAt": "2025-01-15T00:00:00.000Z" }
    },
    {
      "id": "hop_idaho7_yakima",
      "name": "Idaho 7",
      "producer": "Yakima Chief Hops",
      "country": "US",
      "type": "dual",
      "alphaAcidPercent": { "min": 9.5, "max": 14.0, "typical": 12.0 },
      "betaAcidPercent": { "min": 4.0, "max": 5.0, "typical": 4.5 },
      "cohumulonePercent": { "min": 20, "max": 24, "typical": 22 },
      "oilProfile": {
        "totalOils": { "min": 2.0, "max": 3.0, "typical": 2.5 },
        "myrcene": { "min": 50, "max": 60, "typical": 55 }
      },
      "aromaNotes": ["tropical fruit", "pineapple", "peach", "mango", "spruce", "citrus", "resin"],
      "forms": ["T90 pellets", "T45 pellets", "cryo"],
      "usage": { "aroma": true, "bittering": true, "dryHop": true, "whirlpool": true },
      "styles": ["American IPA", "NEIPA", "Double IPA"],
      "tags": ["american", "tropical", "pine", "dank"],
      "keywords": ["idaho 7", "tropical", "pine", "resin"],
      "metadata": { "version": "1.0.0", "source": "usahops.org", "updatedAt": "2025-01-15T00:00:00.000Z" }
    },
    {
      "id": "hop_ekuanot_yakima",
      "name": "Ekuanot",
      "producer": "Yakima Chief Hops",
      "country": "US",
      "type": "dual",
      "alphaAcidPercent": { "min": 13.0, "max": 15.5, "typical": 14.5 },
      "betaAcidPercent": { "min": 3.5, "max": 4.5, "typical": 4.0 },
      "cohumulonePercent": { "min": 22, "max": 26, "typical": 24 },
      "oilProfile": {
        "totalOils": { "min": 1.5, "max": 2.5, "typical": 2.0 },
        "myrcene": { "min": 45, "max": 55, "typical": 50 }
      },
      "aromaNotes": ["citrus", "tropical fruit", "herbal", "melon", "cucumber"],
      "forms": ["T90 pellets", "T45 pellets"],
      "usage": { "aroma": true, "bittering": true, "dryHop": true, "whirlpool": true },
      "styles": ["American IPA", "NEIPA", "Pale Ale"],
      "tags": ["american", "citrus", "tropical"],
      "keywords": ["ekuanot", "citrus", "tropical", "melon"],
      "metadata": { "version": "1.0.0", "source": "usahops.org", "updatedAt": "2025-01-15T00:00:00.000Z" }
    },
    {
      "id": "hop_strata_yakima",
      "name": "Strata",
      "producer": "Yakima Chief Hops",
      "country": "US",
      "type": "aroma",
      "alphaAcidPercent": { "min": 10.0, "max": 13.0, "typical": 11.5 },
      "betaAcidPercent": { "min": 4.0, "max": 5.0, "typical": 4.5 },
      "cohumulonePercent": { "min": 20, "max": 24, "typical": 22 },
      "oilProfile": {
        "totalOils": { "min": 2.0, "max": 3.0, "typical": 2.5 },
        "myrcene": { "min": 55, "max": 65, "typical": 60 }
      },
      "aromaNotes": ["dank", "strawberry", "citrus", "tropical", "pine"],
      "forms": ["T90 pellets", "T45 pellets", "cryo"],
      "usage": { "aroma": true, "bittering": false, "dryHop": true, "whirlpool": true },
      "styles": ["American IPA", "NEIPA", "Pale Ale"],
      "tags": ["american", "dank", "fruity"],
      "keywords": ["strata", "dank", "strawberry", "tropical"],
      "metadata": { "version": "1.0.0", "source": "usahops.org", "updatedAt": "2025-01-15T00:00:00.000Z" }
    },
    {
      "id": "hop_sorachi_ace_sapporo",
      "name": "Sorachi Ace",
      "producer": "Sapporo Breweries",
      "country": "JP",
      "type": "dual",
      "alphaAcidPercent": { "min": 11.0, "max": 15.0, "typical": 13.0 },
      "betaAcidPercent": { "min": 5.0, "max": 7.0, "typical": 6.0 },
      "cohumulonePercent": { "min": 22, "max": 26, "typical": 24 },
      "aromaNotes": ["lemon", "lime", "orange", "herbal", "dill"],
      "forms": ["T90 pellets", "cones"],
      "usage": { "aroma": true, "bittering": true, "dryHop": true },
      "styles": ["Saison", "Belgian Ale", "IPA"],
      "tags": ["japanese", "citrus", "herbal", "unique"],
      "keywords": ["sorachi ace", "lemon", "dill", "japanese"],
      "metadata": { "version": "1.0.0", "source": "sapporobeer.jp", "updatedAt": "2025-01-15T00:00:00.000Z" }
    },
    {
      "id": "hop_galena_yakima",
      "name": "Galena",
      "producer": "Yakima Chief Hops",
      "country": "US",
      "type": "bittering",
      "alphaAcidPercent": { "min": 12.0, "max": 14.0, "typical": 13.0 },
      "betaAcidPercent": { "min": 7.0, "max": 9.0, "typical": 8.0 },
      "cohumulonePercent": { "min": 30, "max": 35, "typical": 32 },
      "aromaNotes": ["clean", "mild", "neutral"],
      "forms": ["T90 pellets"],
      "usage": { "aroma": false, "bittering": true, "dryHop": false },
      "styles": ["IPA", "Pale Ale", "Lager"],
      "tags": ["american", "bittering", "clean"],
      "keywords": ["galena", "bittering", "clean"],
      "metadata": { "version": "1.0.0", "source": "usahops.org", "updatedAt": "2025-01-15T00:00:00.000Z" }
    },
    {
      "id": "hop_chinook_yakima",
      "name": "Chinook",
      "producer": "Yakima Chief Hops",
      "country": "US",
      "type": "dual",
      "alphaAcidPercent": { "min": 12.0, "max": 14.0, "typical": 13.0 },
      "betaAcidPercent": { "min": 3.0, "max": 4.0, "typical": 3.5 },
      "cohumulonePercent": { "min": 28, "max": 32, "typical": 30 },
      "oilProfile": {
        "totalOils": { "min": 1.5, "max": 2.5, "typical": 2.0 },
        "myrcene": { "min": 30, "max": 40, "typical": 35 }
      },
      "aromaNotes": ["pine", "spicy", "grapefruit", "herbal"],
      "forms": ["T90 pellets", "cones"],
      "usage": { "aroma": true, "bittering": true, "dryHop": true },
      "styles": ["American IPA", "Pale Ale", "Porter"],
      "tags": ["american", "pine", "spicy"],
      "keywords": ["chinook", "pine", "spicy", "grapefruit"],
      "metadata": { "version": "1.0.0", "source": "usahops.org", "updatedAt": "2025-01-15T00:00:00.000Z" }
    },
    {
      "id": "hop_willamette_yakima",
      "name": "Willamette",
      "producer": "Yakima Chief Hops",
      "country": "US",
      "type": "aroma",
      "alphaAcidPercent": { "min": 4.0, "max": 6.0, "typical": 5.0 },
      "betaAcidPercent": { "min": 3.0, "max": 4.0, "typical": 3.5 },
      "cohumulonePercent": { "min": 30, "max": 35, "typical": 32 },
      "aromaNotes": ["mild", "fruity", "spicy", "herbal"],
      "forms": ["T90 pellets", "cones"],
      "usage": { "aroma": true, "bittering": false, "dryHop": true },
      "styles": ["American Ale", "Porter", "Stout"],
      "tags": ["american", "mild", "fruity"],
      "keywords": ["willamette", "mild", "fruity"],
      "metadata": { "version": "1.0.0", "source": "usahops.org", "updatedAt": "2025-01-15T00:00:00.000Z" }
    },
    {
      "id": "hop_fuggle_uk",
      "name": "Fuggle",
      "producer": "Charles Faram",
      "country": "UK",
      "type": "aroma",
      "alphaAcidPercent": { "min": 3.5, "max": 5.5, "typical": 4.5 },
      "betaAcidPercent": { "min": 1.5, "max": 2.5, "typical": 2.0 },
      "cohumulonePercent": { "min": 25, "max": 30, "typical": 27 },
      "aromaNotes": ["earthy", "woody", "fruity", "herbal"],
      "forms": ["T90 pellets", "cones"],
      "usage": { "aroma": true, "bittering": false, "dryHop": true },
      "styles": ["English Ale", "Porter", "Stout", "ESB"],
      "tags": ["british", "earthy", "traditional"],
      "keywords": ["fuggle", "english", "earthy", "traditional"],
      "metadata": { "version": "1.0.0", "source": "britishhops.org.uk", "updatedAt": "2025-01-15T00:00:00.000Z" }
    },
    {
      "id": "hop_goldings_uk",
      "name": "East Kent Goldings",
      "producer": "Charles Faram",
      "country": "UK",
      "type": "aroma",
      "alphaAcidPercent": { "min": 4.0, "max": 6.0, "typical": 5.0 },
      "betaAcidPercent": { "min": 2.0, "max": 3.0, "typical": 2.5 },
      "cohumulonePercent": { "min": 22, "max": 28, "typical": 25 },
      "aromaNotes": ["spicy", "floral", "honey", "herbal", "earthy"],
      "forms": ["T90 pellets", "cones"],
      "usage": { "aroma": true, "bittering": false, "dryHop": true },
      "styles": ["English Ale", "ESB", "Pale Ale", "Bitter"],
      "tags": ["british", "floral", "traditional"],
      "keywords": ["goldings", "english", "floral", "traditional"],
      "metadata": { "version": "1.0.0", "source": "britishhops.org.uk", "updatedAt": "2025-01-15T00:00:00.000Z" }
    },
    {
      "id": "hop_target_uk",
      "name": "Target",
      "producer": "Charles Faram",
      "country": "UK",
      "type": "dual",
      "alphaAcidPercent": { "min": 9.5, "max": 12.5, "typical": 11.0 },
      "betaAcidPercent": { "min": 4.5, "max": 6.5, "typical": 5.5 },
      "cohumulonePercent": { "min": 25, "max": 30, "typical": 27 },
      "aromaNotes": ["spicy", "herbal", "earthy"],
      "forms": ["T90 pellets", "cones"],
      "usage": { "aroma": true, "bittering": true, "dryHop": false },
      "styles": ["English IPA", "Pale Ale", "ESB"],
      "tags": ["british", "dual", "spicy"],
      "keywords": ["target", "english", "dual"],
      "metadata": { "version": "1.0.0", "source": "britishhops.org.uk", "updatedAt": "2025-01-15T00:00:00.000Z" }
    },
    {
      "id": "hop_nelson_sauvin_nz",
      "name": "Nelson Sauvin",
      "producer": "New Zealand Hops",
      "country": "NZ",
      "type": "aroma",
      "alphaAcidPercent": { "min": 11.0, "max": 13.5, "typical": 12.0 },
      "betaAcidPercent": { "min": 6.5, "max": 8.0, "typical": 7.0 },
      "cohumulonePercent": { "min": 22, "max": 26, "typical": 24 },
      "oilProfile": {
        "totalOils": { "min": 1.0, "max": 1.5, "typical": 1.2 },
        "myrcene": { "min": 40, "max": 50, "typical": 45 }
      },
      "aromaNotes": ["white wine", "grape", "tropical", "gooseberry", "sauvignon blanc"],
      "forms": ["T90 pellets", "cones"],
      "usage": { "aroma": true, "bittering": false, "dryHop": true, "whirlpool": true },
      "styles": ["IPA", "Pale Ale", "Saison", "Belgian Ale"],
      "tags": ["new zealand", "wine", "tropical", "unique"],
      "keywords": ["nelson sauvin", "wine", "grape", "sauvignon"],
      "metadata": { "version": "1.0.0", "source": "nzhops.co.nz", "updatedAt": "2025-01-15T00:00:00.000Z" }
    },
    {
      "id": "hop_motueka_nz",
      "name": "Motueka",
      "producer": "New Zealand Hops",
      "country": "NZ",
      "type": "aroma",
      "alphaAcidPercent": { "min": 6.5, "max": 7.5, "typical": 7.0 },
      "betaAcidPercent": { "min": 5.0, "max": 6.0, "typical": 5.5 },
      "cohumulonePercent": { "min": 22, "max": 26, "typical": 24 },
      "oilProfile": {
        "totalOils": { "min": 0.8, "max": 1.2, "typical": 1.0 },
        "myrcene": { "min": 35, "max": 45, "typical": 40 }
      },
      "aromaNotes": ["lime", "lemon", "tropical", "citrus"],
      "forms": ["T90 pellets", "cones"],
      "usage": { "aroma": true, "bittering": false, "dryHop": true, "whirlpool": true },
      "styles": ["IPA", "Pale Ale", "Lager"],
      "tags": ["new zealand", "citrus", "tropical"],
      "keywords": ["motueka", "citrus", "lime", "tropical"],
      "metadata": { "version": "1.0.0", "source": "nzhops.co.nz", "updatedAt": "2025-01-15T00:00:00.000Z" }
    },
    {
      "id": "hop_riwaka_nz",
      "name": "Riwaka",
      "producer": "New Zealand Hops",
      "country": "NZ",
      "type": "aroma",
      "alphaAcidPercent": { "min": 4.5, "max": 6.5, "typical": 5.5 },
      "betaAcidPercent": { "min": 5.0, "max": 6.5, "typical": 5.5 },
      "cohumulonePercent": { "min": 20, "max": 24, "typical": 22 },
      "oilProfile": {
        "totalOils": { "min": 1.0, "max": 1.5, "typical": 1.2 },
        "myrcene": { "min": 50, "max": 60, "typical": 55 }
      },
      "aromaNotes": ["passion fruit", "tropical", "citrus", "lime"],
      "forms": ["T90 pellets", "cones"],
      "usage": { "aroma": true, "bittering": false, "dryHop": true, "whirlpool": true },
      "styles": ["IPA", "NEIPA", "Pale Ale"],
      "tags": ["new zealand", "tropical", "citrus"],
      "keywords": ["riwaka", "tropical", "passion fruit", "citrus"],
      "metadata": { "version": "1.0.0", "source": "nzhops.co.nz", "updatedAt": "2025-01-15T00:00:00.000Z" }
    },
    {
      "id": "hop_galaxy_au",
      "name": "Galaxy",
      "producer": "Hop Products Australia",
      "country": "AU",
      "type": "aroma",
      "alphaAcidPercent": { "min": 13.0, "max": 16.0, "typical": 14.5 },
      "betaAcidPercent": { "min": 5.5, "max": 6.5, "typical": 6.0 },
      "cohumulonePercent": { "min": 24, "max": 28, "typical": 26 },
      "oilProfile": {
        "totalOils": { "min": 2.5, "max": 3.5, "typical": 3.0 },
        "myrcene": { "min": 40, "max": 50, "typical": 45 }
      },
      "aromaNotes": ["passion fruit", "peach", "tropical", "citrus"],
      "forms": ["T90 pellets", "cones"],
      "usage": { "aroma": true, "bittering": false, "dryHop": true, "whirlpool": true },
      "styles": ["IPA", "NEIPA", "Pale Ale", "Double IPA"],
      "tags": ["australian", "tropical", "citrus", "popular"],
      "keywords": ["galaxy", "tropical", "passion fruit", "australian"],
      "metadata": { "version": "1.0.0", "source": "hpa.com.au", "updatedAt": "2025-01-15T00:00:00.000Z" }
    },
    {
      "id": "hop_vic_secret_au",
      "name": "Vic Secret",
      "producer": "Hop Products Australia",
      "country": "AU",
      "type": "aroma",
      "alphaAcidPercent": { "min": 14.0, "max": 16.0, "typical": 15.0 },
      "betaAcidPercent": { "min": 6.0, "max": 7.5, "typical": 6.5 },
      "cohumulonePercent": { "min": 22, "max": 26, "typical": 24 },
      "oilProfile": {
        "totalOils": { "min": 2.0, "max": 3.0, "typical": 2.5 },
        "myrcene": { "min": 45, "max": 55, "typical": 50 }
      },
      "aromaNotes": ["pine", "tropical", "passion fruit", "stone fruit"],
      "forms": ["T90 pellets", "cones"],
      "usage": { "aroma": true, "bittering": false, "dryHop": true, "whirlpool": true },
      "styles": ["IPA", "NEIPA", "Pale Ale"],
      "tags": ["australian", "tropical", "pine"],
      "keywords": ["vic secret", "tropical", "pine", "australian"],
      "metadata": { "version": "1.0.0", "source": "hpa.com.au", "updatedAt": "2025-01-15T00:00:00.000Z" }
    },
    {
      "id": "hop_tettnang_hopsteiner",
      "name": "Tettnang",
      "producer": "Hopsteiner",
      "country": "DE",
      "type": "aroma",
      "alphaAcidPercent": { "min": 3.5, "max": 5.5, "typical": 4.5 },
      "betaAcidPercent": { "min": 3.5, "max": 5.5, "typical": 4.5 },
      "cohumulonePercent": { "min": 20, "max": 25, "typical": 22 },
      "aromaNotes": ["spicy", "herbal", "floral", "noble"],
      "forms": ["T90 pellets", "cones"],
      "usage": { "aroma": true, "bittering": false, "dryHop": true },
      "styles": ["German Lager", "Pilsner", "Wheat Beer"],
      "tags": ["noble", "german"],
      "keywords": ["tettnang", "noble hop", "german"],
      "metadata": { "version": "1.0.0", "source": "hopsteiner.de", "updatedAt": "2025-01-15T00:00:00.000Z" }
    },
    {
      "id": "hop_spalt_hopsteiner",
      "name": "Spalt",
      "producer": "Hopsteiner",
      "country": "DE",
      "type": "aroma",
      "alphaAcidPercent": { "min": 3.0, "max": 5.0, "typical": 4.0 },
      "betaAcidPercent": { "min": 3.5, "max": 5.5, "typical": 4.5 },
      "cohumulonePercent": { "min": 22, "max": 28, "typical": 25 },
      "aromaNotes": ["spicy", "herbal", "noble", "mild"],
      "forms": ["T90 pellets", "cones"],
      "usage": { "aroma": true, "bittering": false, "dryHop": true },
      "styles": ["German Lager", "Pilsner", "Bock"],
      "tags": ["noble", "german"],
      "keywords": ["spalt", "noble hop", "german"],
      "metadata": { "version": "1.0.0", "source": "hopsteiner.de", "updatedAt": "2025-01-15T00:00:00.000Z" }
    },
    {
      "id": "hop_perle_hopsteiner",
      "name": "Perle",
      "producer": "Hopsteiner",
      "country": "DE",
      "type": "dual",
      "alphaAcidPercent": { "min": 6.0, "max": 9.0, "typical": 7.5 },
      "betaAcidPercent": { "min": 4.0, "max": 5.5, "typical": 4.5 },
      "cohumulonePercent": { "min": 25, "max": 30, "typical": 27 },
      "aromaNotes": ["spicy", "floral", "herbal", "mint"],
      "forms": ["T90 pellets", "cones"],
      "usage": { "aroma": true, "bittering": true, "dryHop": true },
      "styles": ["German Lager", "Pilsner", "Wheat Beer"],
      "tags": ["german", "dual"],
      "keywords": ["perle", "german", "dual"],
      "metadata": { "version": "1.0.0", "source": "hopsteiner.de", "updatedAt": "2025-01-15T00:00:00.000Z" }
    },
    {
      "id": "hop_hersbrucker_hopsteiner",
      "name": "Hersbrucker",
      "producer": "Hopsteiner",
      "country": "DE",
      "type": "aroma",
      "alphaAcidPercent": { "min": 2.5, "max": 4.5, "typical": 3.5 },
      "betaAcidPercent": { "min": 3.5, "max": 5.5, "typical": 4.5 },
      "cohumulonePercent": { "min": 20, "max": 25, "typical": 22 },
      "aromaNotes": ["spicy", "herbal", "floral", "noble"],
      "forms": ["T90 pellets", "cones"],
      "usage": { "aroma": true, "bittering": false, "dryHop": true },
      "styles": ["German Lager", "Pilsner", "Wheat Beer"],
      "tags": ["noble", "german"],
      "keywords": ["hersbrucker", "noble hop", "german"],
      "metadata": { "version": "1.0.0", "source": "hopsteiner.de", "updatedAt": "2025-01-15T00:00:00.000Z" }
    }
  ]
}



















