[
  {
    "id": "res-1764319991675",
    "guestName": "ზზზ",
    "guestEmail": "",
    "guestPhone": "",
    "roomId": "1",
    "roomNumber": "101",
    "checkIn": "2025-11-25",
    "checkOut": "2025-11-28",
    "adults": 1,
    "children": 0,
    "totalAmount": 450,
    "notes": "",
    "status": "CHECKED_IN",
    "nights": 3,
    "reservationNumber": "87791",
    "createdAt": "2025-11-28T08:53:11.675Z",
    "actualCheckIn": "2025-11-28T09:08:54.388Z",
    "isPaid": true,
    "paidAmount": 450,
    "remainingAmount": 0,
    "paymentMethod": "cash",
    "payments": [
      {
        "method": "cash",
        "amount": 450,
        "note": "",
        "id": 1764321053468
      }
    ],
    "paidAt": "2025-11-28T09:10:54.522Z",
    "paymentRecord": {
      "reservationId": "res-1764319991675",
      "amount": 450,
      "method": "cash",
      "date": "2025-11-28T10:10:54+01:00",
      "processedOn": "2025-11-28",
      "forDate": "2025-11-28",
      "note": "",
      "isPostAudit": false,
      "payments": [
        {
          "method": "cash",
          "amount": 450,
          "note": "",
          "id": 1764321053468
        }
      ],
      "timestamp": "2025-11-28T09:10:54.522Z"
    },
    "isPostAuditPayment": false
  },
  {
    "id": "res-1764321270777",
    "guestName": "სესე",
    "guestEmail": "",
    "guestPhone": "",
    "roomId": "2",
    "roomNumber": "102",
    "checkIn": "2025-11-25T00:00:00.000Z",
    "checkOut": "2025-11-26T00:00:00.000Z",
    "adults": 1,
    "children": 0,
    "totalAmount": 150,
    "notes": "",
    "status": "CHECKED_IN",
    "nights": 1,
    "reservationNumber": "24196",
    "createdAt": "2025-11-28T09:14:30.777Z",
    "actualCheckIn": "2025-11-28T09:45:48.726Z",
    "isPaid": true,
    "paidAmount": 150,
    "remainingAmount": 0,
    "paymentMethod": "cash",
    "payments": [
      {
        "method": "cash",
        "amount": 150,
        "note": "",
        "id": 1764324145586
      }
    ],
    "paidAt": "2025-11-28T10:02:29.474Z",
    "paymentRecord": {
      "reservationId": "res-1764321270777",
      "amount": 150,
      "method": "cash",
      "date": "2025-11-28T11:02:29+01:00",
      "processedOn": "2025-11-28",
      "forDate": "2025-11-26",
      "note": "",
      "isPostAudit": false,
      "payments": [
        {
          "method": "cash",
          "amount": 150,
          "note": "",
          "id": 1764324145586
        }
      ],
      "timestamp": "2025-11-28T10:02:29.473Z"
    },
    "isPostAuditPayment": false
  },
  {
    "id": "res-1764332941736",
    "guestName": "რტტ",
    "guestEmail": "",
    "guestPhone": "",
    "roomId": "3",
    "roomNumber": "103",
    "checkIn": "2025-11-25T00:00:00.000Z",
    "checkOut": "2025-11-26T00:00:00.000Z",
    "adults": 1,
    "children": 0,
    "totalAmount": 150,
    "notes": "",
    "status": "CONFIRMED",
    "nights": 1,
    "reservationNumber": "39024",
    "createdAt": "2025-11-28T12:29:01.736Z",
    "actualCheckIn": "2025-11-28T12:29:11.836Z"
  }
]