[
  {
    "id": "1",
    "roomNumber": "101",
    "floor": 1,
    "roomType": "Standard",
    "basePrice": 150,
    "status": "VACANT",
    "tenantId": "default",
    "maxOccupancy": 2
  },
  {
    "id": "2",
    "roomNumber": "102",
    "floor": 1,
    "roomType": "Standard",
    "basePrice": 150,
    "status": "VACANT",
    "tenantId": "default",
    "maxOccupancy": 2
  },
  {
    "id": "3",
    "roomNumber": "103",
    "floor": 1,
    "roomType": "Standard",
    "basePrice": 150,
    "status": "VACANT",
    "tenantId": "default",
    "maxOccupancy": 2,
    "maintenanceDate": null
  },
  {
    "id": "4",
    "roomNumber": "104",
    "floor": 1,
    "roomType": "Standard",
    "basePrice": 150,
    "status": "VACANT",
    "tenantId": "default",
    "maxOccupancy": 2
  },
  {
    "id": "5",
    "roomNumber": "105",
    "floor": 1,
    "roomType": "Standard",
    "basePrice": 150,
    "status": "VACANT",
    "tenantId": "default",
    "maxOccupancy": 2
  },
  {
    "id": "6",
    "roomNumber": "201",
    "floor": 2,
    "roomType": "Deluxe",
    "basePrice": 180,
    "status": "VACANT",
    "tenantId": "default",
    "maxOccupancy": 3
  },
  {
    "id": "7",
    "roomNumber": "202",
    "floor": 2,
    "roomType": "Deluxe",
    "basePrice": 180,
    "status": "VACANT",
    "tenantId": "default",
    "maxOccupancy": 3
  },
  {
    "id": "8",
    "roomNumber": "203",
    "floor": 2,
    "roomType": "Deluxe",
    "basePrice": 180,
    "status": "VACANT",
    "tenantId": "default",
    "maxOccupancy": 3
  },
  {
    "id": "9",
    "roomNumber": "204",
    "floor": 2,
    "roomType": "Deluxe",
    "basePrice": 180,
    "status": "VACANT",
    "tenantId": "default",
    "maxOccupancy": 3
  },
  {
    "id": "10",
    "roomNumber": "205",
    "floor": 2,
    "roomType": "Deluxe",
    "basePrice": 180,
    "status": "VACANT",
    "tenantId": "default",
    "maxOccupancy": 3
  },
  {
    "id": "11",
    "roomNumber": "301",
    "floor": 3,
    "roomType": "Suite",
    "basePrice": 250,
    "status": "VACANT",
    "tenantId": "default",
    "maxOccupancy": 4
  },
  {
    "id": "12",
    "roomNumber": "302",
    "floor": 3,
    "roomType": "Suite",
    "basePrice": 250,
    "status": "VACANT",
    "tenantId": "default",
    "maxOccupancy": 4
  },
  {
    "id": "13",
    "roomNumber": "303",
    "floor": 3,
    "roomType": "Suite",
    "basePrice": 250,
    "status": "VACANT",
    "tenantId": "default",
    "maxOccupancy": 4
  },
  {
    "id": "14",
    "roomNumber": "304",
    "floor": 3,
    "roomType": "Suite",
    "basePrice": 250,
    "status": "VACANT",
    "tenantId": "default",
    "maxOccupancy": 4
  },
  {
    "id": "15",
    "roomNumber": "305",
    "floor": 3,
    "roomType": "Suite",
    "basePrice": 250,
    "status": "VACANT",
    "tenantId": "default",
    "maxOccupancy": 4
  }
]